ID,Name,$R_{x}$,$R_{y}$,$R_{z}$,"$R_{x,z}$","$R_{y,z}$","$R_{x,y,z}$","$R_{x,y,z}HF_{x}$","$R_{x,y,z}HF_{y}$","$R_{x,y,z}HF_{z}$","$R_{x,y,z}HF_{x,z}$","$R_{x,y,z}HF_{y,z}$","$R_{x,y,z}HF_{x,y,z}$"
0,$R_{x}$,,6.326581162133397e-15,1e-160,,,,,,,,,
1,$R_{y}$,158063253180931.03,,1e-160,,,,,,,,,
2,$R_{z}$,1e+160,1e+160,,,1e-160,,,,,,,
3,"$R_{x,z}$",,,,,9.993564472427777e-76,,,,,,,
4,"$R_{y,z}$",,,1e+160,1.0006439671840792e+75,,1.9349884197859176e-121,,,,,,
5,"$R_{x,y,z}$",,,,,5.167989584716158e+120,,,,3.0901458031061315e-68,,,
6,"$R_{x,y,z}HF_{x}$",,,,,,,,765.8248762281232,2.9809623976067278e-24,,,
7,"$R_{x,y,z}HF_{y}$",,,,,,,0.0013057815579525793,,1.4852212768040178e-41,,,
8,"$R_{x,y,z}HF_{z}$",,,,,,3.236093258107196e+67,3.354621315595434e+23,6.733003462971228e+40,,,4.7029052622800004e-60,
9,"$R_{x,y,z}HF_{x,z}$",,,,,,,,,,,7.898594921529027e-16,
10,"$R_{x,y,z}HF_{y,z}$",,,,,,,,,2.126345193513835e+59,1266047961611909.0,,1.9137633747857664e-07
11,"$R_{x,y,z}HF_{x,y,z}$",,,,,,,,,,,5225306.3945898935,
