ID,Name,$R_{x}$,$R_{y}$,$R_{z}$,"$R_{x,z}$","$R_{y,z}$","$R_{x,y,z}$","$R_{x,y,z}HF_{x}$","$R_{x,y,z}HF_{y}$","$R_{x,y,z}HF_{z}$","$R_{x,y,z}HF_{x,z}$","$R_{x,y,z}HF_{y,z}$","$R_{x,y,z}HF_{x,y,z}$"
0,$R_{x}$,,4.307357194150513e+179,1e-160,,,,,,,,,
1,$R_{y}$,2.3216091791923415e-180,,1e-160,,,,,,,,,
2,$R_{z}$,1e+160,1e+160,,,1e-160,,,,,,,
3,"$R_{x,z}$",,,,,2.888621039402048e-119,,,,,,,
4,"$R_{y,z}$",,,1e+160,3.4618594352099666e+118,,2.9728124677253874e-139,,,,,,
5,"$R_{x,y,z}$",,,,,3.363817969873957e+138,,,,4.9480925063577864e-40,,,
6,"$R_{x,y,z}HF_{x}$",,,,,,,,0.0008425462565569726,1.91092617196213e-40,,,
7,"$R_{x,y,z}HF_{y}$",,,,,,,1186.8784558920895,,7.871025701143368e-15,,,
8,"$R_{x,y,z}HF_{z}$",,,,,,2.0209808097061717e+39,5.2330645457286546e+39,127048244786538.7,,1.192344037961593e-74,,
9,"$R_{x,y,z}HF_{x,z}$",,,,,,,,,8.386841114327871e+73,,5.467823185405634e+26,0.010025792083103354
10,"$R_{x,y,z}HF_{y,z}$",,,,,,,,,,1.8288813776369663e-27,,
11,"$R_{x,y,z}HF_{x,y,z}$",,,,,,,,,,99.74274268916047,,
